Date,Equity,DD
01/29/2008,115,0
01/30/2008,-185,-300
01/31/2008,10,-105
02/01/2008,10,-105
02/03/2008,10,-105
02/04/2008,1285,0
02/05/2008,2985,0
02/06/2008,1945,-1040
02/07/2008,3130,0
02/08/2008,2560,-570
02/10/2008,2560,-570
02/11/2008,2475,-655
02/12/2008,2505,-625
02/13/2008,2585,-545
02/14/2008,3220,0
02/15/2008,3020,-200
02/17/2008,3020,-200
02/18/2008,3485,0
02/19/2008,2175,-1310
02/20/2008,2240,-1245
02/21/2008,2240,-1245
02/22/2008,2300,-1185
02/24/2008,2300,-1185
02/25/2008,1995,-1490
02/26/2008,2080,-1405
02/27/2008,1805,-1680
02/28/2008,1820,-1665
02/29/2008,1820,-1665
03/02/2008,1820,-1665
03/03/2008,1465,-2020
03/04/2008,1650,-1835
03/05/2008,305,-3180
03/06/2008,320,-3165
03/07/2008,320,-3165
03/09/2008,320,-3165
03/10/2008,1595,-1890
03/11/2008,1580,-1905
03/12/2008,1580,-1905
03/13/2008,1445,-2040
03/14/2008,1700,-1785
03/16/2008,1700,-1785
03/17/2008,1700,-1785
03/18/2008,2855,-630
03/19/2008,3565,0
03/20/2008,5115,0
03/23/2008,4675,-440
03/24/2008,3490,-1625
03/25/2008,3070,-2045
03/26/2008,2580,-2535
03/27/2008,2580,-2535
03/28/2008,2580,-2535
03/30/2008,2580,-2535
03/31/2008,2685,-2430
04/01/2008,4875,-240
04/02/2008,3995,-1120
04/03/2008,3840,-1275
04/04/2008,3480,-1635
04/06/2008,3480,-1635
04/07/2008,2590,-2525
04/08/2008,2400,-2715
04/09/2008,2400,-2715
04/10/2008,2400,-2715
04/11/2008,2400,-2715
04/13/2008,2425,-2690
04/14/2008,3155,-1960
04/15/2008,2845,-2270
04/16/2008,3150,-1965
04/17/2008,3150,-1965
04/18/2008,3150,-1965
04/20/2008,3150,-1965
04/21/2008,3285,-1830
04/22/2008,3185,-1930
04/23/2008,4985,-130
04/24/2008,6695,0
04/25/2008,6400,-295
04/27/2008,6905,0
04/28/2008,7045,0
04/29/2008,8065,0
04/30/2008,8075,0
05/01/2008,9940,0
05/02/2008,9640,-300
05/04/2008,9795,-145
05/05/2008,9605,-335
05/06/2008,8540,-1400
05/07/2008,8540,-1400
05/08/2008,8540,-1400
05/09/2008,8540,-1400
05/11/2008,8540,-1400
05/12/2008,8540,-1400
05/13/2008,8730,-1210
05/14/2008,8655,-1285
05/15/2008,7690,-2250
05/16/2008,6210,-3730
05/18/2008,6210,-3730
05/19/2008,6325,-3615
05/20/2008,6450,-3490
05/21/2008,6450,-3490
05/22/2008,6495,-3445
05/23/2008,6630,-3310
05/25/2008,6630,-3310
05/26/2008,6505,-3435
05/27/2008,6630,-3310
05/28/2008,7065,-2875
05/29/2008,8705,-1235
05/30/2008,7960,-1980
06/01/2008,7555,-2385
06/02/2008,6800,-3140
06/03/2008,8420,-1520
06/04/2008,7765,-2175
06/05/2008,8015,-1925
06/06/2008,7040,-2900
06/08/2008,7095,-2845
06/09/2008,7245,-2695
06/10/2008,7130,-2810
06/11/2008,5745,-4195
06/12/2008,6065,-3875
06/13/2008,6590,-3350
06/15/2008,6675,-3265
06/16/2008,5190,-4750
06/17/2008,5190,-4750
06/18/2008,5190,-4750
06/19/2008,5190,-4750
06/20/2008,5190,-4750
06/22/2008,5190,-4750
06/23/2008,5190,-4750
06/24/2008,4895,-5045
06/25/2008,5355,-4585
06/26/2008,3765,-6175
06/27/2008,2650,-7290
06/29/2008,2650,-7290
06/30/2008,2650,-7290
07/01/2008,2650,-7290
07/02/2008,2650,-7290
07/03/2008,2650,-7290
07/04/2008,2650,-7290
07/06/2008,2075,-7865
07/07/2008,2065,-7875
07/08/2008,3590,-6350
07/09/2008,3175,-6765
07/10/2008,1675,-8265
07/11/2008,-160,-10100
07/13/2008,-160,-10100
07/14/2008,-160,-10100
07/15/2008,-160,-10100
07/16/2008,-160,-10100
07/17/2008,-160,-10100
07/18/2008,-440,-10380
07/20/2008,-175,-10115
07/21/2008,20,-9920
07/22/2008,150,-9790
07/23/2008,2265,-7675
07/24/2008,3295,-6645
07/25/2008,4610,-5330
07/27/2008,4610,-5330
07/28/2008,5210,-4730
07/29/2008,6280,-3660
07/30/2008,8565,-1375
07/31/2008,7245,-2695
08/01/2008,7170,-2770
08/03/2008,7285,-2655
08/04/2008,7905,-2035
08/05/2008,9185,-755
08/06/2008,9305,-635
08/07/2008,9585,-355
08/08/2008,11140,0
08/10/2008,11285,0
08/11/2008,10525,-760
08/12/2008,8525,-2760
08/13/2008,8690,-2595
08/14/2008,9115,-2170
08/15/2008,9280,-2005
08/17/2008,9775,-1510
08/18/2008,9195,-2090
08/19/2008,9140,-2145
08/20/2008,9510,-1775
08/21/2008,8155,-3130
08/22/2008,8490,-2795
08/24/2008,8635,-2650
08/25/2008,8780,-2505
08/26/2008,8780,-2505
08/27/2008,8470,-2815
08/28/2008,8470,-2815
08/29/2008,8470,-2815
08/31/2008,8185,-3100
09/01/2008,8015,-3270
09/02/2008,10115,-1170
09/03/2008,8815,-2470
09/04/2008,8875,-2410
09/05/2008,7930,-3355
09/07/2008,7930,-3355
09/08/2008,8700,-2585
09/09/2008,8245,-3040
09/10/2008,8695,-2590
09/11/2008,10515,-770
09/12/2008,10840,-445
09/14/2008,10840,-445
09/15/2008,11425,0
09/16/2008,10530,-895
09/17/2008,9545,-1880
09/18/2008,10625,-800
09/19/2008,11450,0
09/21/2008,11450,0
09/22/2008,11450,0
09/23/2008,12155,0
09/24/2008,12150,-5
09/25/2008,12455,0
09/26/2008,12130,-325
09/28/2008,12130,-325
09/29/2008,11385,-1070
09/30/2008,13400,0
10/01/2008,12665,-735
10/02/2008,15645,0
10/03/2008,17560,0
10/05/2008,17655,0
10/06/2008,14665,-2990
10/07/2008,13560,-4095
10/08/2008,11130,-6525
10/09/2008,11310,-6345
10/10/2008,11310,-6345
10/12/2008,11310,-6345
10/13/2008,16065,-1590
10/14/2008,16295,-1360
10/15/2008,16260,-1395
10/16/2008,20945,0
10/17/2008,23160,0
10/19/2008,24555,0
10/20/2008,26495,0
10/21/2008,27345,0
10/22/2008,28165,0
10/23/2008,28955,0
10/24/2008,28030,-925
10/26/2008,28030,-925
10/27/2008,28430,-525
10/28/2008,27970,-985
10/29/2008,27970,-985
10/30/2008,27825,-1130
10/31/2008,27560,-1395
11/02/2008,28085,-870
11/03/2008,28945,-10
11/04/2008,28020,-935
11/05/2008,28100,-855
11/06/2008,28795,-160
11/07/2008,28820,-135
11/09/2008,28705,-250
11/10/2008,28715,-240
11/11/2008,28590,-365
11/12/2008,29975,0
11/13/2008,29645,-330
11/14/2008,28290,-1685
11/16/2008,28225,-1750
11/17/2008,28780,-1195
11/18/2008,28780,-1195
11/19/2008,28965,-1010
11/20/2008,29425,-550
11/21/2008,29980,0
11/23/2008,29695,-285
11/24/2008,29550,-430
11/25/2008,29550,-430
11/26/2008,29550,-430
11/27/2008,29305,-675
11/28/2008,29320,-660
11/30/2008,29205,-775
12/01/2008,29315,-665
12/02/2008,27235,-2745
12/03/2008,27965,-2015
12/04/2008,26960,-3020
12/05/2008,28970,-1010
12/07/2008,29595,-385
12/08/2008,29795,-185
12/09/2008,30320,0
12/10/2008,27305,-3015
12/11/2008,27575,-2745
12/12/2008,26990,-3330
12/14/2008,26990,-3330
12/15/2008,26990,-3330
12/16/2008,26365,-3955
12/17/2008,25960,-4360
12/18/2008,26395,-3925
12/19/2008,26500,-3820
12/21/2008,26500,-3820
12/22/2008,25425,-4895
12/23/2008,25775,-4545
12/24/2008,25475,-4845
12/25/2008,25725,-4595
12/26/2008,25750,-4570
12/28/2008,25750,-4570
12/29/2008,25485,-4835
12/30/2008,25410,-4910
12/31/2008,25410,-4910
01/01/2009,23795,-6525
01/02/2009,24000,-6320
01/04/2009,24000,-6320
01/05/2009,25860,-4460
01/06/2009,25345,-4975
01/07/2009,26795,-3525
01/08/2009,25735,-4585
01/09/2009,26710,-3610
01/11/2009,26710,-3610
01/12/2009,27105,-3215
01/13/2009,26725,-3595
01/14/2009,27345,-2975
01/15/2009,27615,-2705
01/16/2009,26730,-3590
01/18/2009,26585,-3735
01/19/2009,26845,-3475
01/20/2009,27170,-3150
01/21/2009,27170,-3150
01/22/2009,27465,-2855
01/23/2009,27300,-3020
01/25/2009,27435,-2885
01/26/2009,27770,-2550
01/27/2009,27770,-2550
01/28/2009,27345,-2975
01/29/2009,27200,-3120
01/30/2009,26120,-4200
02/01/2009,25685,-4635
02/02/2009,24795,-5525
02/03/2009,24810,-5510
02/04/2009,24525,-5795
02/05/2009,25315,-5005
02/06/2009,24835,-5485
02/08/2009,24735,-5585
02/09/2009,23270,-7050
02/10/2009,22135,-8185
02/11/2009,20045,-10275
02/12/2009,19835,-10485
02/13/2009,19795,-10525
02/15/2009,19415,-10905
02/16/2009,21045,-9275
02/17/2009,22555,-7765
02/18/2009,23970,-6350
02/19/2009,23970,-6350
02/20/2009,23970,-6350
02/22/2009,23615,-6705
02/23/2009,22760,-7560
02/24/2009,22760,-7560
02/25/2009,21885,-8435
02/26/2009,20545,-9775
02/27/2009,19670,-10650
03/01/2009,19670,-10650
03/02/2009,21055,-9265
03/03/2009,22475,-7845
03/04/2009,22175,-8145
03/05/2009,22525,-7795
03/06/2009,23150,-7170
03/08/2009,23375,-6945
03/09/2009,23110,-7210
03/10/2009,23125,-7195
03/11/2009,24245,-6075
03/12/2009,22900,-7420
03/13/2009,22900,-7420
03/15/2009,22735,-7585
03/16/2009,22590,-7730
03/17/2009,22245,-8075
03/18/2009,19930,-10390
03/19/2009,20315,-10005
03/20/2009,20235,-10085
03/22/2009,19795,-10525
03/23/2009,20805,-9515
03/24/2009,21025,-9295
03/25/2009,21555,-8765
03/26/2009,21525,-8795
03/27/2009,22390,-7930
03/29/2009,22185,-8135
03/30/2009,22495,-7825
03/31/2009,22705,-7615
04/01/2009,21530,-8790
04/02/2009,21530,-8790
04/03/2009,21530,-8790
04/05/2009,20035,-10285
04/06/2009,19965,-10355
04/07/2009,20745,-9575
04/08/2009,20655,-9665
04/09/2009,20800,-9520
04/12/2009,21025,-9295
04/13/2009,21365,-8955
04/14/2009,20855,-9465
04/15/2009,20955,-9365
04/16/2009,21185,-9135
04/17/2009,21590,-8730
04/19/2009,21555,-8765
04/20/2009,23455,-6865
04/21/2009,23195,-7125
04/22/2009,23575,-6745
04/23/2009,23745,-6575
04/24/2009,24240,-6080
04/26/2009,24240,-6080
04/27/2009,24165,-6155
04/28/2009,24095,-6225
04/29/2009,23375,-6945
04/30/2009,21935,-8385
05/01/2009,21910,-8410
05/03/2009,22395,-7925
05/04/2009,21495,-8825
05/05/2009,21370,-8950
05/06/2009,21370,-8950
05/07/2009,21675,-8645
05/08/2009,21965,-8355
05/10/2009,21905,-8415
05/11/2009,22060,-8260
05/12/2009,22335,-7985
05/13/2009,22225,-8095
05/14/2009,22335,-7985
05/15/2009,22370,-7950
05/17/2009,22370,-7950
05/18/2009,22635,-7685
05/19/2009,22790,-7530
05/20/2009,21580,-8740
05/21/2009,21580,-8740
05/22/2009,21580,-8740
05/24/2009,21665,-8655
05/25/2009,21645,-8675
05/26/2009,20440,-9880
05/27/2009,20545,-9775
05/28/2009,22135,-8185
05/29/2009,23465,-6855
05/31/2009,24085,-6235
06/01/2009,23495,-6825
06/02/2009,23290,-7030
06/03/2009,23290,-7030
06/04/2009,23155,-7165
06/05/2009,23190,-7130
06/07/2009,23775,-6545
06/08/2009,22625,-7695
06/09/2009,23625,-6695
06/10/2009,24820,-5500
06/11/2009,25710,-4610
06/12/2009,25710,-4610
06/14/2009,25935,-4385
06/15/2009,25315,-5005
06/16/2009,25475,-4845
06/17/2009,25655,-4665
06/18/2009,25380,-4940
06/19/2009,25380,-4940
06/21/2009,25355,-4965
06/22/2009,24805,-5515
06/23/2009,25555,-4765
06/24/2009,26685,-3635
06/25/2009,26460,-3860
06/26/2009,26510,-3810
06/28/2009,26565,-3755
06/29/2009,27025,-3295
06/30/2009,25300,-5020
07/01/2009,24090,-6230
07/02/2009,24405,-5915
07/03/2009,24440,-5880
07/05/2009,24445,-5875
07/06/2009,24985,-5335
07/07/2009,24795,-5525
07/08/2009,24755,-5565
07/09/2009,24975,-5345
07/10/2009,25350,-4970
07/12/2009,25195,-5125
07/13/2009,25915,-4405
07/14/2009,25550,-4770
07/15/2009,25275,-5045
07/16/2009,25325,-4995
07/17/2009,25360,-4960
07/19/2009,25360,-4960
07/20/2009,25455,-4865
07/21/2009,25425,-4895
07/22/2009,25765,-4555
07/23/2009,25855,-4465
07/24/2009,25995,-4325
07/26/2009,26325,-3995
07/27/2009,26335,-3985
07/28/2009,24460,-5860
07/29/2009,25165,-5155
07/30/2009,25845,-4475
07/31/2009,25720,-4600
08/02/2009,25720,-4600
08/03/2009,25645,-4675
08/04/2009,25580,-4740
08/05/2009,25580,-4740
08/06/2009,25580,-4740
08/07/2009,25580,-4740
08/09/2009,25585,-4735
08/10/2009,25685,-4635
08/11/2009,25755,-4565
08/12/2009,25610,-4710
08/13/2009,25610,-4710
08/14/2009,25610,-4710
08/16/2009,25565,-4755
08/17/2009,24725,-5595
08/18/2009,25405,-4915
08/19/2009,25655,-4665
08/20/2009,26180,-4140
08/21/2009,26330,-3990
08/23/2009,26330,-3990
08/24/2009,26330,-3990
08/25/2009,26330,-3990
08/26/2009,26255,-4065
08/27/2009,26290,-4030
08/28/2009,26290,-4030
08/30/2009,26290,-4030
08/31/2009,26280,-4040
09/01/2009,26280,-4040
09/02/2009,26280,-4040
09/03/2009,25955,-4365
09/04/2009,26110,-4210
09/06/2009,26110,-4210
09/07/2009,26110,-4210
09/08/2009,26845,-3475
09/09/2009,26105,-4215
09/10/2009,26745,-3575
09/11/2009,26310,-4010
09/13/2009,26265,-4055
09/14/2009,25815,-4505
09/15/2009,26140,-4180
09/16/2009,26455,-3865
09/17/2009,26790,-3530
09/18/2009,26790,-3530
09/20/2009,26535,-3785
09/21/2009,27015,-3305
09/22/2009,28055,-2265
09/23/2009,27355,-2965
09/24/2009,27670,-2650
09/25/2009,28540,-1780
09/27/2009,27985,-2335
09/28/2009,27915,-2405
09/29/2009,28485,-1835
09/30/2009,28585,-1735
10/01/2009,28035,-2285
10/02/2009,27960,-2360
10/04/2009,27960,-2360
10/05/2009,27960,-2360
10/06/2009,27960,-2360
10/07/2009,28655,-1665
10/08/2009,28315,-2005
10/09/2009,28925,-1395
10/11/2009,28545,-1775
10/12/2009,28795,-1525
10/13/2009,28910,-1410
10/14/2009,28910,-1410
10/15/2009,28965,-1355
10/16/2009,29525,-795
10/18/2009,29275,-1045
10/19/2009,29520,-800
10/20/2009,29870,-450
10/21/2009,30060,-260
10/22/2009,30060,-260
10/23/2009,30060,-260
10/25/2009,30060,-260
10/26/2009,30345,0
10/27/2009,30145,-200
10/28/2009,30705,0
10/29/2009,32205,0
10/30/2009,31865,-340
11/01/2009,31985,-220
11/02/2009,33855,0
11/03/2009,35855,0
11/04/2009,36105,0
11/05/2009,36465,0
11/06/2009,37095,0
11/08/2009,37805,0
11/09/2009,37665,-140
11/10/2009,37510,-295
11/11/2009,37675,-130
11/12/2009,36475,-1330
11/13/2009,38405,0
11/15/2009,38845,0
11/16/2009,39605,0
11/17/2009,39675,0
11/18/2009,40790,0
11/19/2009,40790,0
11/20/2009,40790,0
11/22/2009,40790,0
11/23/2009,40955,0
11/24/2009,40650,-305
11/25/2009,40650,-305
11/26/2009,40650,-305
11/27/2009,40650,-305
11/29/2009,40650,-305
11/30/2009,40635,-320
12/01/2009,42095,0
12/02/2009,42340,0
12/03/2009,41915,-425
12/04/2009,42320,-20
12/06/2009,42405,0
12/07/2009,44625,0
12/08/2009,45925,0
12/09/2009,44085,-1840
12/10/2009,44835,-1090
12/11/2009,45970,0
12/13/2009,45970,0
12/14/2009,46435,0
12/15/2009,46140,-295
12/16/2009,45110,-1325
12/17/2009,46295,-140
12/18/2009,45990,-445
12/20/2009,46075,-360
12/21/2009,46820,0
12/22/2009,47675,0
12/23/2009,48695,0
12/24/2009,49390,0
12/27/2009,49390,0
12/28/2009,50130,0
12/29/2009,50185,0
12/30/2009,50975,0
12/31/2009,51490,0
01/03/2010,52055,0
01/04/2010,50170,-1885
01/05/2010,50830,-1225
01/06/2010,50345,-1710
01/07/2010,50075,-1980
01/08/2010,49890,-2165
01/10/2010,49890,-2165
01/11/2010,49925,-2130
01/12/2010,50350,-1705
01/13/2010,50685,-1370
01/14/2010,50960,-1095
01/15/2010,50960,-1095
01/17/2010,50960,-1095
01/18/2010,51135,-920
01/19/2010,50925,-1130
01/20/2010,50790,-1265
01/21/2010,51475,-580
01/22/2010,52480,0
01/24/2010,52865,0
01/25/2010,53555,0
01/26/2010,53660,0
01/27/2010,53865,0
01/28/2010,53345,-520
01/29/2010,53400,-465
01/31/2010,52945,-920
02/01/2010,52425,-1440
02/02/2010,51320,-2545
02/03/2010,51505,-2360
02/04/2010,51210,-2655
02/05/2010,52020,-1845
02/07/2010,52075,-1790
02/08/2010,52130,-1735
02/09/2010,52010,-1855
02/10/2010,52610,-1255
02/11/2010,52185,-1680
02/12/2010,52370,-1495
02/14/2010,52370,-1495
02/15/2010,53125,-740
02/16/2010,53310,-555
02/17/2010,52855,-1010
02/18/2010,53415,-450
02/19/2010,53080,-785
02/21/2010,53080,-785
02/22/2010,53080,-785
02/23/2010,53425,-440
02/24/2010,53705,-160
02/25/2010,53490,-375
02/26/2010,53260,-605
02/28/2010,53195,-670
03/01/2010,53730,-135
03/02/2010,53730,-135
03/03/2010,53605,-260
03/04/2010,53320,-545
03/05/2010,53320,-545
03/07/2010,53320,-545
03/08/2010,53285,-580
03/09/2010,54235,0
03/10/2010,54690,0
03/11/2010,55555,0
03/12/2010,56050,0
03/14/2010,56050,0
03/15/2010,56425,0
03/16/2010,55475,-950
03/17/2010,55845,-580
03/18/2010,55845,-580
03/19/2010,55860,-565
03/21/2010,56195,-230
03/22/2010,57535,0
03/23/2010,57755,0
03/24/2010,58635,0
03/25/2010,58565,-70
03/26/2010,59100,0
03/28/2010,58965,-135
03/29/2010,58790,-310
03/30/2010,58790,-310
03/31/2010,58790,-310
04/01/2010,58790,-310
04/04/2010,58695,-405
04/05/2010,58445,-655
04/06/2010,58570,-530
04/07/2010,58595,-505
04/08/2010,58700,-400
04/09/2010,58700,-400
04/11/2010,58700,-400
04/12/2010,58445,-655
04/13/2010,58590,-510
04/14/2010,58835,-265
04/15/2010,58640,-460
04/16/2010,58640,-460
04/18/2010,58640,-460
04/19/2010,58855,-245
04/20/2010,57940,-1160
04/21/2010,57970,-1130
04/22/2010,59300,0
04/23/2010,59300,0
04/25/2010,59300,0
04/26/2010,59300,0
04/27/2010,59300,0
04/28/2010,59300,0
04/29/2010,59300,0
04/30/2010,59300,0
05/02/2010,59295,-5
05/03/2010,59465,0
05/04/2010,59400,-65
05/05/2010,59305,-160
05/06/2010,57065,-2400
05/07/2010,57180,-2285
05/09/2010,57180,-2285
05/10/2010,57180,-2285
05/11/2010,56705,-2760
05/12/2010,56765,-2700
05/13/2010,56900,-2565
05/14/2010,56900,-2565
05/16/2010,56900,-2565
05/17/2010,57435,-2030
05/18/2010,56545,-2920
05/19/2010,58160,-1305
05/20/2010,56515,-2950
05/21/2010,57050,-2415
05/23/2010,57295,-2170
05/24/2010,57725,-1740
05/25/2010,56710,-2755
05/26/2010,56220,-3245
05/27/2010,56220,-3245
05/28/2010,56220,-3245
05/30/2010,56220,-3245
05/31/2010,56220,-3245
06/01/2010,56325,-3140
06/02/2010,56290,-3175
06/03/2010,56290,-3175
06/04/2010,56790,-2675
06/06/2010,56605,-2860
06/07/2010,56800,-2665
06/08/2010,56385,-3080
06/09/2010,56340,-3125
06/10/2010,56845,-2620
06/11/2010,56700,-2765
06/13/2010,56615,-2850
06/14/2010,56630,-2835
06/15/2010,56420,-3045
06/16/2010,56490,-2975
06/17/2010,56490,-2975
06/18/2010,56490,-2975
06/20/2010,56585,-2880
06/21/2010,57705,-1760
06/22/2010,57435,-2030
06/23/2010,57320,-2145
06/24/2010,57250,-2215
06/25/2010,56040,-3425
06/27/2010,56040,-3425
06/28/2010,56040,-3425
06/29/2010,56255,-3210
06/30/2010,56260,-3205
07/01/2010,57395,-2070
07/02/2010,57760,-1705
07/04/2010,58025,-1440
07/05/2010,58075,-1390
07/06/2010,59590,0
07/07/2010,59155,-435
07/08/2010,60170,0
07/09/2010,58960,-1210
07/11/2010,58945,-1225
07/12/2010,59220,-950
07/13/2010,59285,-885
07/14/2010,59360,-810
07/15/2010,59360,-810
07/16/2010,59360,-810
07/18/2010,59265,-905
07/19/2010,60375,0
07/20/2010,60095,-280
07/21/2010,59920,-455
07/22/2010,58710,-1665
07/23/2010,58950,-1425
07/25/2010,58950,-1425
07/26/2010,59215,-1160
07/27/2010,61075,0
07/28/2010,61525,0
07/29/2010,62275,0
07/30/2010,62240,-35
08/01/2010,62240,-35
08/02/2010,61760,-515
08/03/2010,61760,-515
08/04/2010,61915,-360
08/05/2010,61900,-375
08/06/2010,61900,-375
08/08/2010,61900,-375
08/09/2010,61900,-375
08/10/2010,61900,-375
08/11/2010,61900,-375
08/12/2010,61965,-310
08/13/2010,62130,-145
08/15/2010,62130,-145
08/16/2010,61995,-280
08/17/2010,62120,-155
08/18/2010,62120,-155
08/19/2010,62120,-155
08/20/2010,62120,-155
08/22/2010,62120,-155
08/23/2010,61685,-590
08/24/2010,61210,-1065
08/25/2010,60545,-1730
08/26/2010,60740,-1535
08/27/2010,60740,-1535
08/29/2010,60740,-1535
08/30/2010,60735,-1540
08/31/2010,60480,-1795
09/01/2010,60480,-1795
09/02/2010,60495,-1780
09/03/2010,60550,-1725
09/05/2010,60550,-1725
09/06/2010,60355,-1920
09/07/2010,60410,-1865
09/08/2010,60475,-1800
09/09/2010,60600,-1675
09/10/2010,60550,-1725
09/12/2010,60605,-1670
09/13/2010,61655,-620
09/14/2010,60195,-2080
09/15/2010,60260,-2015
09/16/2010,60260,-2015
09/17/2010,60260,-2015
09/19/2010,60395,-1880
09/20/2010,60680,-1595
09/21/2010,60680,-1595
09/22/2010,60765,-1510
09/23/2010,60730,-1545
09/24/2010,60730,-1545
09/26/2010,60730,-1545
09/27/2010,60485,-1790
09/28/2010,60450,-1825
09/29/2010,60685,-1590
09/30/2010,60620,-1655
10/01/2010,60620,-1655
10/03/2010,60765,-1510
10/04/2010,60935,-1340
10/05/2010,61300,-975
10/06/2010,62145,-130
10/07/2010,62260,-15
10/08/2010,62260,-15
10/10/2010,62260,-15
10/11/2010,62260,-15
10/12/2010,62260,-15
10/13/2010,62745,0
10/14/2010,62995,0
10/15/2010,63090,0
10/17/2010,62915,-175
10/18/2010,62375,-715
10/19/2010,62220,-870
10/20/2010,62025,-1065
10/21/2010,61600,-1490
10/22/2010,62050,-1040
10/24/2010,62735,-355
10/25/2010,63355,0
10/26/2010,63190,-165
10/27/2010,63660,0
10/28/2010,63785,0
10/29/2010,63740,-45
10/31/2010,63740,-45
11/01/2010,63740,-45
11/02/2010,63645,-140
11/03/2010,63680,-105
11/04/2010,62770,-1015
11/05/2010,62770,-1015
11/07/2010,62770,-1015
11/08/2010,62770,-1015
11/09/2010,63745,-40
11/10/2010,63740,-45
11/11/2010,62525,-1260
11/12/2010,62570,-1215
11/14/2010,62570,-1215
11/15/2010,62995,-790
11/16/2010,63405,-380
11/17/2010,64425,0
11/18/2010,65025,0
11/19/2010,66710,0
11/21/2010,66710,0
11/22/2010,66990,0
11/23/2010,66990,0
11/24/2010,66995,0
11/25/2010,67130,0
11/26/2010,67130,0
11/28/2010,67505,0
11/29/2010,67775,0
11/30/2010,66910,-865
12/01/2010,68005,0
12/02/2010,68455,0
12/03/2010,68540,0
12/05/2010,68785,0
12/06/2010,69080,0
12/07/2010,68645,-435
12/08/2010,69215,0
12/09/2010,68895,-320
12/10/2010,70490,0
12/12/2010,71055,0
12/13/2010,70650,-405
12/14/2010,71805,0
12/15/2010,71085,-720
12/16/2010,71795,-10
12/17/2010,72800,0
12/19/2010,72955,0
12/20/2010,73715,0
12/21/2010,74120,0
12/22/2010,74555,0
12/23/2010,74490,-65
12/26/2010,75505,0
12/27/2010,75670,0
12/28/2010,74575,-1095
12/29/2010,74920,-750
12/30/2010,74920,-750
12/31/2010,74920,-750
01/02/2011,74845,-825
01/03/2011,75295,-375
01/04/2011,75160,-510
01/05/2011,76555,0
01/06/2011,77315,0
01/07/2011,77170,-145
01/09/2011,77465,0
01/10/2011,78635,0
01/11/2011,79135,0
01/12/2011,79230,0
01/13/2011,79625,0
01/14/2011,79440,-185
01/16/2011,79435,-190
01/17/2011,79475,-150
01/18/2011,80045,0
01/19/2011,80320,0
01/20/2011,82380,0
01/21/2011,82840,0
01/23/2011,83525,0
01/24/2011,84055,0
01/25/2011,84805,0
01/26/2011,85260,0
01/27/2011,86295,0
01/28/2011,85800,-495
01/30/2011,85800,-495
01/31/2011,87210,0
02/01/2011,87235,0
02/02/2011,86880,-355
02/03/2011,86880,-355
02/04/2011,86880,-355
02/06/2011,87075,-160
02/07/2011,87100,-135
02/08/2011,87100,-135
02/09/2011,87100,-135
02/10/2011,87100,-135
02/11/2011,87100,-135
02/13/2011,87100,-135
02/14/2011,87100,-135
02/15/2011,87135,-100
02/16/2011,87300,0
02/17/2011,87395,0
02/18/2011,87430,0
02/20/2011,87430,0
02/21/2011,86875,-555
02/22/2011,86730,-700
02/23/2011,86730,-700
02/24/2011,87355,-75
02/25/2011,88195,0
02/27/2011,88165,-30
02/28/2011,88920,0
03/01/2011,88465,-455
03/02/2011,88410,-510
03/03/2011,88705,-215
03/04/2011,88460,-460
03/06/2011,88525,-395
03/07/2011,88575,-345
03/08/2011,88260,-660
03/09/2011,88010,-910
03/10/2011,88225,-695
03/11/2011,88320,-600
03/13/2011,87435,-1485
03/14/2011,86445,-2475
03/15/2011,88560,-360
03/16/2011,87785,-1135
03/17/2011,87595,-1325
03/18/2011,86480,-2440
03/20/2011,86480,-2440
03/21/2011,86385,-2535
03/22/2011,86390,-2530
03/23/2011,86355,-2565
03/24/2011,87015,-1905
03/25/2011,86930,-1990
03/27/2011,86930,-1990
03/28/2011,87425,-1495
03/29/2011,87885,-1035
03/30/2011,87710,-1210
03/31/2011,86445,-2475
04/01/2011,88460,-460
04/03/2011,88460,-460
04/04/2011,88460,-460
04/05/2011,88460,-460
04/06/2011,88405,-515
04/07/2011,88430,-490
04/08/2011,88430,-490
04/10/2011,88385,-535
04/11/2011,87785,-1135
04/12/2011,87860,-1060
04/13/2011,88075,-845
04/14/2011,88160,-760
04/15/2011,88100,-820
04/17/2011,88105,-815
04/18/2011,88130,-790
04/19/2011,88130,-790
04/20/2011,88130,-790
04/21/2011,88835,-85
04/24/2011,88955,0
04/25/2011,89185,0
04/26/2011,89390,0
04/27/2011,89325,-65
04/28/2011,89325,-65
04/29/2011,89420,0
05/01/2011,87655,-1765
05/02/2011,89135,-285
05/03/2011,89160,-260
05/04/2011,89065,-355
05/05/2011,91585,0
05/06/2011,90960,-625
05/08/2011,92115,0
05/09/2011,91920,-195
05/10/2011,91740,-375
05/11/2011,93240,0
05/12/2011,93375,0
05/13/2011,93680,0
05/15/2011,93680,0
05/16/2011,93195,-485
05/17/2011,95135,0
05/18/2011,94610,-525
05/19/2011,94610,-525
05/20/2011,94610,-525
05/22/2011,94610,-525
05/23/2011,94610,-525
05/24/2011,94610,-525
05/25/2011,94610,-525
05/26/2011,94610,-525
05/27/2011,94610,-525
05/29/2011,94610,-525
05/30/2011,94665,-470
05/31/2011,94465,-670
06/01/2011,94795,-340
06/02/2011,94850,-285
06/03/2011,93640,-1495
06/05/2011,93640,-1495
06/06/2011,93420,-1715
06/07/2011,93420,-1715
06/08/2011,93420,-1715
06/09/2011,93455,-1680
06/10/2011,93290,-1845
06/12/2011,93425,-1710
06/13/2011,94275,-860
06/14/2011,94605,-530
06/15/2011,93960,-1175
06/16/2011,94170,-965
06/17/2011,92960,-2175
06/19/2011,92960,-2175
06/20/2011,93090,-2045
06/21/2011,93090,-2045
06/22/2011,93090,-2045
06/23/2011,93090,-2045
06/24/2011,93660,-1475
06/26/2011,94055,-1080
06/27/2011,94235,-900
06/28/2011,94165,-970
06/29/2011,94745,-390
06/30/2011,95395,0
07/01/2011,95250,-145
07/03/2011,95775,0
07/04/2011,95985,0
07/05/2011,94180,-1805
07/06/2011,92970,-3015
07/07/2011,92970,-3015
07/08/2011,92970,-3015
07/10/2011,92970,-3015
07/11/2011,92970,-3015
07/12/2011,93020,-2965
07/13/2011,93020,-2965
07/14/2011,92495,-3490
07/15/2011,92560,-3425
07/17/2011,92560,-3425
07/18/2011,92555,-3430
07/19/2011,93165,-2820
07/20/2011,92900,-3085
07/21/2011,92905,-3080
07/22/2011,92690,-3295
07/24/2011,92690,-3295
07/25/2011,92500,-3485
07/26/2011,92500,-3485
07/27/2011,92500,-3485
07/28/2011,92500,-3485
07/29/2011,90690,-5295
07/31/2011,90665,-5320
08/01/2011,90490,-5495
08/02/2011,89370,-6615
08/03/2011,90195,-5790
08/04/2011,89840,-6145
08/05/2011,89840,-6145
08/07/2011,89840,-6145
08/08/2011,94330,-1655
08/09/2011,95745,-240
08/10/2011,94550,-1435
08/11/2011,94550,-1435
08/12/2011,94550,-1435
08/14/2011,93945,-2040
08/15/2011,94115,-1870
08/16/2011,94260,-1725
08/17/2011,94715,-1270
08/18/2011,94940,-1045
08/19/2011,94940,-1045
08/21/2011,94785,-1200
08/22/2011,95960,-25
08/23/2011,97885,0
08/24/2011,96465,-1420
08/25/2011,96485,-1400
08/26/2011,95770,-2115
08/28/2011,95505,-2380
08/29/2011,98895,0
08/30/2011,97090,-1805
08/31/2011,97090,-1805
09/01/2011,97345,-1550
09/02/2011,97290,-1605
09/04/2011,97290,-1605
09/05/2011,97915,-980
09/06/2011,98900,0
09/07/2011,97690,-1210
09/08/2011,94565,-4335
09/09/2011,96190,-2710
09/11/2011,96190,-2710
09/12/2011,99155,0
09/13/2011,98525,-630
09/14/2011,98135,-1020
09/15/2011,97425,-1730
09/16/2011,96290,-2865
09/18/2011,96185,-2970
09/19/2011,98690,-465
09/20/2011,97835,-1320
09/21/2011,98455,-700
09/22/2011,98785,-370
09/23/2011,102130,0
09/25/2011,100920,-1210
09/26/2011,97655,-4475
09/27/2011,97285,-4845
09/28/2011,98115,-4015
09/29/2011,99855,-2275
09/30/2011,101070,-1060
10/02/2011,101070,-1060
10/03/2011,102505,0
10/04/2011,103585,0
10/05/2011,104080,0
10/06/2011,106495,0
10/07/2011,105870,-625
10/09/2011,105870,-625
10/10/2011,106255,-240
10/11/2011,106130,-365
10/12/2011,106130,-365
10/13/2011,106130,-365
10/14/2011,106130,-365
10/16/2011,105945,-550
10/17/2011,106060,-435
10/18/2011,105685,-810
10/19/2011,103990,-2505
10/20/2011,102115,-4380
10/21/2011,101320,-5175
10/23/2011,101320,-5175
10/24/2011,101865,-4630
10/25/2011,103435,-3060
10/26/2011,104050,-2445
10/27/2011,104050,-2445
10/28/2011,104050,-2445
10/30/2011,102635,-3860
10/31/2011,102590,-3905
11/01/2011,102745,-3750
11/02/2011,102445,-4050
11/03/2011,102740,-3755
11/04/2011,103860,-2635
11/06/2011,103860,-2635
11/07/2011,103755,-2740
11/08/2011,103530,-2965
11/09/2011,102515,-3980
11/10/2011,102445,-4050
11/11/2011,102000,-4495
11/13/2011,102000,-4495
11/14/2011,102720,-3775
11/15/2011,101600,-4895
11/16/2011,102145,-4350
11/17/2011,103015,-3480
11/18/2011,103170,-3325
11/20/2011,103225,-3270
11/21/2011,104105,-2390
11/22/2011,103515,-2980
11/23/2011,105410,-1085
11/24/2011,105215,-1280
11/25/2011,104330,-2165
11/27/2011,105625,-870
11/28/2011,105470,-1025
11/29/2011,105775,-720
11/30/2011,105280,-1215
12/01/2011,105280,-1215
12/02/2011,105280,-1215
12/04/2011,105280,-1215
12/05/2011,105035,-1460
12/06/2011,105415,-1080
12/07/2011,104780,-1715
12/08/2011,106195,-300
12/09/2011,105660,-835
12/11/2011,103825,-2670
12/12/2011,105325,-1170
12/13/2011,103375,-3120
12/14/2011,106315,-180
12/15/2011,105895,-600
12/16/2011,106370,-125
12/18/2011,105015,-1480
12/19/2011,105150,-1345
12/20/2011,103790,-2705
12/21/2011,103790,-2705
12/22/2011,104470,-2025
12/23/2011,104470,-2025
12/26/2011,103595,-2900
12/27/2011,103125,-3370
12/28/2011,104525,-1970
12/29/2011,106715,0
12/30/2011,105820,-895
01/02/2012,107265,0
01/03/2012,106525,-740
01/04/2012,104620,-2645
01/05/2012,104620,-2645
01/06/2012,104620,-2645
01/08/2012,104755,-2510
01/09/2012,105120,-2145
01/10/2012,105615,-1650
01/11/2012,106170,-1095
01/12/2012,105255,-2010
01/13/2012,105800,-1465
01/15/2012,105800,-1465
01/16/2012,105800,-1465
01/17/2012,106505,-760
01/18/2012,106240,-1025
01/19/2012,106240,-1025
01/20/2012,106240,-1025
01/22/2012,106240,-1025
01/23/2012,106195,-1070
01/24/2012,106620,-645
01/25/2012,106620,-645
01/26/2012,106305,-960
01/27/2012,106560,-705
01/29/2012,106560,-705
01/30/2012,106560,-705
01/31/2012,106560,-705
02/01/2012,106560,-705
02/02/2012,106560,-705
02/03/2012,106560,-705
02/05/2012,106560,-705
02/06/2012,106615,-650
02/07/2012,107620,0
02/08/2012,108150,0
02/09/2012,106940,-1210
02/10/2012,106940,-1210
02/12/2012,107265,-885
02/13/2012,107145,-1005
02/14/2012,107605,-545
02/15/2012,106685,-1465
02/16/2012,107370,-780
02/17/2012,108170,0
02/19/2012,108170,0
02/20/2012,108395,0
02/21/2012,109000,0
02/22/2012,109000,0
02/23/2012,109000,0
02/24/2012,109000,0
02/26/2012,109000,0
02/27/2012,109275,0
02/28/2012,109650,0
02/29/2012,113105,0
03/01/2012,113325,0
03/02/2012,113840,0
03/04/2012,113840,0
03/05/2012,114005,0
03/06/2012,117235,0
03/07/2012,116855,-380
03/08/2012,117045,-190
03/09/2012,119030,0
03/11/2012,119030,0
03/12/2012,119620,0
03/13/2012,120315,0
03/14/2012,120475,0
03/15/2012,120295,-180
03/16/2012,121020,0
03/18/2012,121475,0
03/19/2012,122015,0
03/20/2012,122310,0
03/21/2012,122335,0
03/22/2012,122765,0
03/23/2012,120670,-2095
03/25/2012,120670,-2095
03/26/2012,119750,-3015
03/27/2012,119715,-3050
03/28/2012,119560,-3205
03/29/2012,119625,-3140
03/30/2012,119700,-3065
04/01/2012,119625,-3140
04/02/2012,119580,-3185
04/03/2012,119680,-3085
04/04/2012,122235,-530
04/05/2012,123135,0
04/08/2012,122665,-470
04/09/2012,124095,0
04/10/2012,125060,0
04/11/2012,125060,0
04/12/2012,125060,0
04/13/2012,125060,0
04/15/2012,125060,0
04/16/2012,125075,0
04/17/2012,126115,0
04/18/2012,127355,0
04/19/2012,126275,-1080
04/20/2012,126660,-695
04/22/2012,126675,-680
04/23/2012,127355,0
04/24/2012,126040,-1315
04/25/2012,126340,-1015
04/26/2012,125685,-1670
04/27/2012,125610,-1745
04/29/2012,125610,-1745
04/30/2012,125610,-1745
05/01/2012,125610,-1745
05/02/2012,125115,-2240
05/03/2012,124805,-2550
05/04/2012,123640,-3715
05/06/2012,123465,-3890
05/07/2012,123545,-3810
05/08/2012,125175,-2180
05/09/2012,126795,-560
05/10/2012,125725,-1630
05/11/2012,125630,-1725
05/13/2012,125745,-1610
05/14/2012,126945,-410
05/15/2012,125375,-1980
05/16/2012,125315,-2040
05/17/2012,125730,-1625
05/18/2012,124050,-3305
05/20/2012,124050,-3305
05/21/2012,124050,-3305
05/22/2012,123115,-4240
05/23/2012,122905,-4450
05/24/2012,121220,-6135
05/25/2012,119560,-7795
05/27/2012,119560,-7795
05/28/2012,120155,-7200
05/29/2012,120160,-7195
05/30/2012,121075,-6280
05/31/2012,122065,-5290
06/01/2012,122510,-4845
06/03/2012,122510,-4845
06/04/2012,123090,-4265
06/05/2012,123090,-4265
06/06/2012,123090,-4265
06/07/2012,122985,-4370
06/08/2012,122800,-4555
06/10/2012,121785,-5570
06/11/2012,123670,-3685
06/12/2012,122460,-4895
06/13/2012,121315,-6040
06/14/2012,121570,-5785
06/15/2012,121570,-5785
06/17/2012,122165,-5190
06/18/2012,122180,-5175
06/19/2012,122730,-4625
06/20/2012,122305,-5050
06/21/2012,124645,-2710
06/22/2012,123750,-3605
06/24/2012,124375,-2980
06/25/2012,124520,-2835
06/26/2012,125320,-2035
06/27/2012,124110,-3245
06/28/2012,126455,-900
06/29/2012,124290,-3065
07/01/2012,123745,-3610
07/02/2012,123600,-3755
07/03/2012,123605,-3750
07/04/2012,123600,-3755
07/05/2012,123600,-3755
07/06/2012,123600,-3755
07/08/2012,123735,-3620
07/09/2012,123225,-4130
07/10/2012,123225,-4130
07/11/2012,123205,-4150
07/12/2012,123935,-3420
07/13/2012,121820,-5535
07/15/2012,121425,-5930
07/16/2012,121610,-5745
07/17/2012,121610,-5745
07/18/2012,121745,-5610
07/19/2012,121605,-5750
07/20/2012,121550,-5805
07/22/2012,121550,-5805
07/23/2012,121985,-5370
07/24/2012,121740,-5615
07/25/2012,121595,-5760
07/26/2012,121925,-5430
07/27/2012,122140,-5215
07/29/2012,122140,-5215
07/30/2012,122140,-5215
07/31/2012,122140,-5215
08/01/2012,122325,-5030
08/02/2012,121105,-6250
08/03/2012,120280,-7075
08/05/2012,120415,-6940
08/06/2012,120605,-6750
08/07/2012,120470,-6885
08/08/2012,120470,-6885
08/09/2012,120470,-6885
08/10/2012,120470,-6885
08/12/2012,120470,-6885
08/13/2012,120470,-6885
08/14/2012,122015,-5340
08/15/2012,122285,-5070
08/16/2012,122130,-5225
08/17/2012,122270,-5085
08/19/2012,122270,-5085
08/20/2012,122270,-5085
08/21/2012,122270,-5085
08/22/2012,122270,-5085
08/23/2012,122005,-5350
08/24/2012,122110,-5245
08/26/2012,122110,-5245
08/27/2012,121865,-5490
08/28/2012,121845,-5510
08/29/2012,122055,-5300
08/30/2012,122075,-5280
08/31/2012,121830,-5525
09/02/2012,121830,-5525
09/03/2012,121740,-5615
09/04/2012,121705,-5650
09/05/2012,121660,-5695
09/06/2012,120595,-6760
09/07/2012,120970,-6385
09/09/2012,120970,-6385
09/10/2012,121525,-5830
09/11/2012,121360,-5995
09/12/2012,121360,-5995
09/13/2012,121360,-5995
09/14/2012,121540,-5815
09/16/2012,121540,-5815
09/17/2012,121415,-5940
09/18/2012,121270,-6085
09/19/2012,121270,-6085
09/20/2012,121195,-6160
09/21/2012,120390,-6965
09/23/2012,119415,-7940
09/24/2012,119360,-7995
09/25/2012,119575,-7780
09/26/2012,121715,-5640
09/27/2012,121250,-6105
09/28/2012,122060,-5295
09/30/2012,121965,-5390
10/01/2012,122120,-5235
10/02/2012,122120,-5235
10/03/2012,122305,-5050
10/04/2012,122340,-5015
10/05/2012,122340,-5015
10/07/2012,122475,-4880
10/08/2012,122635,-4720
10/09/2012,122905,-4450
10/10/2012,122695,-4660
10/11/2012,122180,-5175
10/12/2012,122530,-4825
10/14/2012,122345,-5010
10/15/2012,123655,-3700
10/16/2012,123225,-4130
10/17/2012,123550,-3805
10/18/2012,124015,-3340
10/19/2012,124290,-3065
10/21/2012,125205,-2150
10/22/2012,124965,-2390
10/23/2012,126130,-1225
10/24/2012,126535,-820
10/25/2012,126315,-1040
10/26/2012,124370,-2985
10/28/2012,124370,-2985
10/29/2012,124645,-2710
10/30/2012,124905,-2450
10/31/2012,125025,-2330
11/01/2012,124865,-2490
11/02/2012,124420,-2935
11/04/2012,124420,-2935
11/05/2012,124205,-3150
11/06/2012,125195,-2160
11/07/2012,126410,-945
11/08/2012,126330,-1025
11/09/2012,126330,-1025
11/11/2012,126330,-1025
11/12/2012,126485,-870
11/13/2012,126815,-540
11/14/2012,126880,-475
11/15/2012,126655,-700
11/16/2012,126700,-655
11/18/2012,127175,-180
11/19/2012,126295,-1060
11/20/2012,126260,-1095
11/21/2012,126410,-945
11/22/2012,126355,-1000
11/23/2012,126620,-735
11/25/2012,126805,-550
11/26/2012,126720,-635
11/27/2012,126675,-680
11/28/2012,126495,-860
11/29/2012,125875,-1480
11/30/2012,126570,-785
12/02/2012,126570,-785
12/03/2012,126065,-1290
12/04/2012,126635,-720
12/05/2012,127645,0
12/06/2012,127795,0
12/07/2012,127910,0
12/09/2012,127910,0
12/10/2012,127375,-535
12/11/2012,127330,-580
12/12/2012,126525,-1385
12/13/2012,126410,-1500
12/14/2012,126450,-1460
12/16/2012,126075,-1835
12/17/2012,125855,-2055
12/18/2012,126580,-1330
12/19/2012,127305,-605
12/20/2012,128345,0
12/21/2012,128160,-185
12/23/2012,128045,-300
12/24/2012,128570,0
12/25/2012,128915,0
12/26/2012,127775,-1140
12/27/2012,128000,-915
12/28/2012,128000,-915
12/30/2012,128000,-915
12/31/2012,127785,-1130
01/01/2013,128585,-330
01/02/2013,128820,-95
01/03/2013,127415,-1500
01/04/2013,127630,-1285
01/06/2013,127715,-1200
01/07/2013,129035,0
01/08/2013,128415,-620
01/09/2013,129330,0
01/10/2013,127595,-1735
01/11/2013,127510,-1820
01/13/2013,127510,-1820
01/14/2013,127745,-1585
01/15/2013,128215,-1115
01/16/2013,128400,-930
01/17/2013,128400,-930
01/18/2013,128400,-930
01/20/2013,128400,-930
01/21/2013,128400,-930
01/22/2013,128605,-725
01/23/2013,128625,-705
01/24/2013,129615,0
01/25/2013,131340,0
01/27/2013,131405,0
01/28/2013,132635,0
01/29/2013,133195,0
01/30/2013,132535,-660
01/31/2013,133970,0
02/01/2013,133970,0
02/03/2013,134345,0
02/04/2013,134425,0
02/05/2013,134580,0
02/06/2013,134580,0
02/07/2013,134580,0
02/08/2013,134580,0
02/10/2013,134745,0
02/11/2013,134385,-360
02/12/2013,134315,-430
02/13/2013,134400,-345
02/14/2013,133805,-940
02/15/2013,135880,0
02/17/2013,135835,-45
02/18/2013,136165,0
02/19/2013,136995,0
02/20/2013,138745,0
02/21/2013,139665,0
02/22/2013,140920,0
02/24/2013,140920,0
02/25/2013,140590,-330
02/26/2013,140400,-520
02/27/2013,140400,-520
02/28/2013,140400,-520
03/01/2013,140050,-870
03/03/2013,139785,-1135
03/04/2013,140875,-45
03/05/2013,141345,0
03/06/2013,141940,0
03/07/2013,142660,0
03/08/2013,142660,0
03/10/2013,142925,0
03/11/2013,143305,0
03/12/2013,143335,0
03/13/2013,143345,0
03/14/2013,143340,-5
03/15/2013,143340,-5
03/17/2013,143405,0
03/18/2013,143260,-145
03/19/2013,143260,-145
03/20/2013,143260,-145
03/21/2013,143260,-145
03/22/2013,143260,-145
03/24/2013,143705,0
03/25/2013,143395,-310
03/26/2013,143845,0
03/27/2013,143280,-565
03/28/2013,143860,0
03/31/2013,143935,0
04/01/2013,143990,0
04/02/2013,144205,0
04/03/2013,142625,-1580
04/04/2013,143205,-1000
04/05/2013,142260,-1945
04/07/2013,142465,-1740
04/08/2013,142380,-1825
04/09/2013,142260,-1945
04/10/2013,142355,-1850
04/11/2013,142385,-1820
04/12/2013,145690,0
04/14/2013,143105,-2585
04/15/2013,146075,0
04/16/2013,146235,0
04/17/2013,142925,-3310
04/18/2013,142000,-4235
04/19/2013,143110,-3125
04/21/2013,144625,-1610
04/22/2013,144545,-1690
04/23/2013,144370,-1865
04/24/2013,144370,-1865
04/25/2013,145515,-720
04/26/2013,145530,-705
04/28/2013,145530,-705
04/29/2013,145530,-705
04/30/2013,145530,-705
05/01/2013,145015,-1220
05/02/2013,143545,-2690
05/03/2013,143810,-2425
05/05/2013,143810,-2425
05/06/2013,145085,-1150
05/07/2013,144985,-1250
05/08/2013,143360,-2875
05/09/2013,144395,-1840
05/10/2013,147330,0
05/12/2013,146075,-1255
05/13/2013,148225,0
05/14/2013,149315,0
05/15/2013,149905,0
05/16/2013,150755,0
05/17/2013,152970,0
05/19/2013,152995,0
05/20/2013,152230,-765
05/21/2013,155870,0
05/22/2013,155410,-460
05/23/2013,155085,-785
05/24/2013,155050,-820
05/26/2013,155050,-820
05/27/2013,154705,-1165
05/28/2013,154590,-1280
05/29/2013,154595,-1275
05/30/2013,155360,-510
05/31/2013,155360,-510
06/02/2013,155855,-15
06/03/2013,155925,0
06/04/2013,156655,0
06/05/2013,156335,-320
06/06/2013,156290,-365
06/07/2013,156290,-365
06/09/2013,156290,-365
06/10/2013,156005,-650
06/11/2013,157045,0
06/12/2013,155980,-1065
06/13/2013,156870,-175
06/14/2013,156530,-515
06/16/2013,156665,-380
06/17/2013,156345,-700
06/18/2013,156075,-970
06/19/2013,154465,-2580
06/20/2013,159005,0
06/21/2013,159600,0
06/23/2013,158765,-835
06/24/2013,157825,-1775
06/25/2013,156145,-3455
06/26/2013,158435,-1165
06/27/2013,160295,0
06/28/2013,162710,0
06/30/2013,161875,-835
07/01/2013,163380,0
07/02/2013,164010,0
07/03/2013,164010,0
07/04/2013,163475,-535
07/05/2013,163420,-590
07/07/2013,162915,-1095
07/08/2013,163465,-545
07/09/2013,163890,-120
07/10/2013,166155,0
07/11/2013,168755,0
07/12/2013,168570,-185
07/14/2013,168570,-185
07/15/2013,168570,-185
07/16/2013,168570,-185
07/17/2013,168570,-185
07/18/2013,169355,0
07/19/2013,169420,0
07/21/2013,169420,0
07/22/2013,169645,0
07/23/2013,169020,-625
07/24/2013,169020,-625
07/25/2013,169725,0
07/26/2013,169640,-85
07/28/2013,169640,-85
07/29/2013,169640,-85
07/30/2013,170925,0
07/31/2013,171100,0
08/01/2013,171415,0
08/02/2013,169020,-2395
08/04/2013,169355,-2060
08/05/2013,170345,-1070
08/06/2013,170005,-1410
08/07/2013,170665,-750
08/08/2013,170450,-965
08/09/2013,170380,-1035
08/11/2013,170380,-1035
08/12/2013,170345,-1070
08/13/2013,170405,-1010
08/14/2013,170180,-1235
08/15/2013,170180,-1235
08/16/2013,170180,-1235
08/18/2013,170180,-1235
08/19/2013,170180,-1235
08/20/2013,169730,-1685
08/21/2013,170195,-1220
08/22/2013,170310,-1105
08/23/2013,170570,-845
08/25/2013,170555,-860
08/26/2013,170610,-805
08/27/2013,170695,-720
08/28/2013,171085,-330
08/29/2013,171425,0
08/30/2013,171330,-95
09/01/2013,172095,0
09/02/2013,173325,0
09/03/2013,172050,-1275
09/04/2013,173580,0
09/05/2013,173210,-370
09/06/2013,171900,-1680
09/08/2013,171995,-1585
09/09/2013,172040,-1540
09/10/2013,174025,0
09/11/2013,173845,-180
09/12/2013,176655,0
09/13/2013,173960,-2695
09/15/2013,173935,-2720
09/16/2013,174235,-2420
09/17/2013,173025,-3630
09/18/2013,172890,-3765
09/19/2013,172385,-4270
09/20/2013,172240,-4415
09/22/2013,171125,-5530
09/23/2013,171845,-4810
09/24/2013,172135,-4520
09/25/2013,173080,-3575
09/26/2013,173080,-3575
09/27/2013,171600,-5055
09/29/2013,171555,-5100
09/30/2013,171490,-5165
10/01/2013,171015,-5640
10/02/2013,169555,-7100
10/03/2013,169095,-7560
10/04/2013,169990,-6665
10/06/2013,169990,-6665
10/07/2013,168780,-7875
10/08/2013,168780,-7875
10/09/2013,168525,-8130
10/10/2013,169985,-6670
10/11/2013,172600,-4055
10/13/2013,172195,-4460
10/14/2013,171335,-5320
10/15/2013,170495,-6160
10/16/2013,171410,-5245
10/17/2013,170480,-6175
10/18/2013,170480,-6175
10/20/2013,170480,-6175
10/21/2013,170480,-6175
10/22/2013,170480,-6175
10/23/2013,170580,-6075
10/24/2013,170345,-6310
10/25/2013,170290,-6365
10/27/2013,170290,-6365
10/28/2013,170290,-6365
10/29/2013,170575,-6080
10/30/2013,170670,-5985
10/31/2013,171975,-4680
11/01/2013,173280,-3375
11/03/2013,173215,-3440
11/04/2013,172985,-3670
11/05/2013,173745,-2910
11/06/2013,173250,-3405
11/07/2013,174950,-1705
11/08/2013,177280,0
11/10/2013,177195,-85
11/11/2013,177175,-105
11/12/2013,177385,0
11/13/2013,178795,0
11/14/2013,178340,-455
11/15/2013,178310,-485
11/17/2013,178310,-485
11/18/2013,178310,-485
11/19/2013,178365,-430
11/20/2013,180475,0
11/21/2013,181195,0
11/22/2013,181240,0
11/24/2013,180965,-275
11/25/2013,178820,-2420
11/26/2013,179790,-1450
11/27/2013,180005,-1235
11/28/2013,179745,-1495
11/29/2013,178380,-2860
12/01/2013,178255,-2985
12/02/2013,178330,-2910
12/03/2013,178725,-2515
12/04/2013,177890,-3350
12/05/2013,179390,-1850
12/06/2013,178180,-3060
12/08/2013,178180,-3060
12/09/2013,177495,-3745
12/10/2013,178105,-3135
12/11/2013,178335,-2905
12/12/2013,178250,-2990
12/13/2013,177800,-3440
12/15/2013,177575,-3665
12/16/2013,177680,-3560
12/17/2013,178450,-2790
12/18/2013,178605,-2635
12/19/2013,181895,0
12/20/2013,181520,-375
12/22/2013,181195,-700
12/23/2013,182025,0
12/24/2013,181750,-275
12/25/2013,181945,-80
12/26/2013,180930,-1095
12/27/2013,180930,-1095
12/29/2013,180795,-1230
12/30/2013,180555,-1470
12/31/2013,180785,-1240
01/01/2014,182375,0
01/02/2014,183195,0
01/03/2014,183870,0
01/05/2014,184385,0
01/06/2014,184430,0
01/07/2014,184430,0
01/08/2014,184615,0
01/09/2014,185125,0
01/10/2014,185200,0
01/12/2014,185200,0
01/13/2014,185200,0
01/14/2014,185095,-105
01/15/2014,185385,0
01/16/2014,185335,-50
01/17/2014,185520,0
01/19/2014,185520,0
01/20/2014,185495,-25
01/21/2014,185470,-50
01/22/2014,185215,-305
01/23/2014,185420,-100
01/24/2014,184530,-990
01/26/2014,184530,-990
01/27/2014,184530,-990
01/28/2014,184405,-1115
01/29/2014,184715,-805
01/30/2014,184610,-910
01/31/2014,183440,-2080
02/02/2014,183535,-1985
02/03/2014,183175,-2345
02/04/2014,184010,-1510
02/05/2014,183415,-2105
02/06/2014,183540,-1980
02/07/2014,183540,-1980
02/09/2014,183540,-1980
02/10/2014,184355,-1165
02/11/2014,184295,-1225
02/12/2014,184480,-1040
02/13/2014,184480,-1040
02/14/2014,184480,-1040
02/16/2014,184480,-1040
02/17/2014,183805,-1715
02/18/2014,183270,-2250
02/19/2014,183475,-2045
02/20/2014,182985,-2535
02/21/2014,182560,-2960
02/23/2014,182585,-2935
02/24/2014,182730,-2790
02/25/2014,182730,-2790
02/26/2014,182730,-2790
02/27/2014,182625,-2895
02/28/2014,182680,-2840
03/02/2014,183055,-2465
03/03/2014,182505,-3015
03/04/2014,181610,-3910
03/05/2014,181610,-3910
03/06/2014,181610,-3910
03/07/2014,181610,-3910
03/09/2014,181610,-3910
03/10/2014,181120,-4400
03/11/2014,181345,-4175
03/12/2014,181380,-4140
03/13/2014,181485,-4035
03/14/2014,181280,-4240
03/16/2014,181280,-4240
03/17/2014,181365,-4155
03/18/2014,181605,-3915
03/19/2014,182865,-2655
03/20/2014,183835,-1685
03/21/2014,183430,-2090
03/23/2014,183085,-2435
03/24/2014,184270,-1250
03/25/2014,184375,-1145
03/26/2014,185125,-395
03/27/2014,185715,0
03/28/2014,186210,0
03/30/2014,186195,-15
03/31/2014,186685,0
04/01/2014,187185,0
04/02/2014,186365,-820
04/03/2014,187430,0
04/04/2014,186390,-1040
04/06/2014,186525,-905
04/07/2014,186420,-1010
04/08/2014,186765,-665
04/09/2014,186820,-610
04/10/2014,187035,-395
04/11/2014,187130,-300
04/13/2014,187130,-300
04/14/2014,187085,-345
04/15/2014,186970,-460
04/16/2014,186415,-1015
04/17/2014,186265,-1165
04/20/2014,185335,-2095
04/21/2014,185130,-2300
04/22/2014,185245,-2185
04/23/2014,185495,-1935
04/24/2014,184320,-3110
04/25/2014,183290,-4140
04/27/2014,183290,-4140
04/28/2014,183290,-4140
04/29/2014,183290,-4140
04/30/2014,183215,-4215
05/01/2014,184145,-3285
05/02/2014,183950,-3480
05/04/2014,183950,-3480
05/05/2014,183075,-4355
05/06/2014,183120,-4310
05/07/2014,183120,-4310
05/08/2014,183335,-4095
05/09/2014,183570,-3860
05/11/2014,184555,-2875
05/12/2014,183200,-4230
05/13/2014,182760,-4670
05/14/2014,182760,-4670
05/15/2014,182700,-4730
05/16/2014,182700,-4730
05/18/2014,183105,-4325
05/19/2014,182550,-4880
05/20/2014,182675,-4755
05/21/2014,183155,-4275
05/22/2014,182865,-4565
05/23/2014,182830,-4600
05/25/2014,183015,-4415
05/26/2014,182925,-4505
05/27/2014,182455,-4975
05/28/2014,182685,-4745
05/29/2014,182985,-4445
05/30/2014,183570,-3860
06/01/2014,183515,-3915
06/02/2014,182565,-4865
06/03/2014,182815,-4615
06/04/2014,182795,-4635
06/05/2014,181890,-5540
06/06/2014,182620,-4810
06/08/2014,182620,-4810
06/09/2014,182775,-4655
06/10/2014,182850,-4580
06/11/2014,182850,-4580
06/12/2014,182765,-4665
06/13/2014,182670,-4760
06/15/2014,182670,-4760
06/16/2014,182305,-5125
06/17/2014,181685,-5745
06/18/2014,181510,-5920
06/19/2014,180995,-6435
06/20/2014,181100,-6330
06/22/2014,181100,-6330
06/23/2014,181100,-6330
06/24/2014,180055,-7375
06/25/2014,179990,-7440
06/26/2014,180310,-7120
06/27/2014,180430,-7000
06/29/2014,180430,-7000
06/30/2014,180430,-7000
07/01/2014,180240,-7190
07/02/2014,180210,-7220
07/03/2014,180205,-7225
07/04/2014,180140,-7290
07/06/2014,179985,-7445
07/07/2014,179455,-7975
07/08/2014,178790,-8640
07/09/2014,179005,-8425
07/10/2014,179100,-8330
07/11/2014,179100,-8330
07/13/2014,178875,-8555
07/14/2014,178390,-9040
07/15/2014,178685,-8745
07/16/2014,178945,-8485
07/17/2014,179660,-7770
07/18/2014,180320,-7110
07/20/2014,180320,-7110
07/21/2014,180320,-7110
07/22/2014,180265,-7165
07/23/2014,179305,-8125
07/24/2014,179175,-8255
07/25/2014,179010,-8420
07/27/2014,178825,-8605
07/28/2014,179040,-8390
07/29/2014,179350,-8080
07/30/2014,179455,-7975
07/31/2014,179505,-7925
08/01/2014,178360,-9070
08/03/2014,178325,-9105
08/04/2014,178705,-8725
08/05/2014,179865,-7565
08/06/2014,178210,-9220
08/07/2014,178210,-9220
08/08/2014,178210,-9220
08/10/2014,178210,-9220
08/11/2014,178210,-9220
08/12/2014,178210,-9220
08/13/2014,178210,-9220
08/14/2014,178210,-9220
08/15/2014,178210,-9220
08/17/2014,178210,-9220
08/18/2014,178785,-8645
08/19/2014,179125,-8305
08/20/2014,178785,-8645
08/21/2014,179765,-7665
08/22/2014,180090,-7340
08/24/2014,180095,-7335
08/25/2014,180515,-6915
08/26/2014,180715,-6715
08/27/2014,180730,-6700
08/28/2014,180795,-6635
08/29/2014,180620,-6810
08/31/2014,180620,-6810
09/01/2014,180405,-7025
09/02/2014,180605,-6825
09/03/2014,181245,-6185
09/04/2014,181095,-6335
09/05/2014,181160,-6270
09/07/2014,181160,-6270
09/08/2014,182130,-5300
09/09/2014,182165,-5265
09/10/2014,182435,-4995
09/11/2014,181935,-5495
09/12/2014,182510,-4920
09/14/2014,183155,-4275
09/15/2014,183305,-4125
09/16/2014,183585,-3845
09/17/2014,183955,-3475
09/18/2014,184665,-2765
09/19/2014,184570,-2860
09/21/2014,184405,-3025
09/22/2014,184525,-2905
09/23/2014,184685,-2745
09/24/2014,185035,-2395
09/25/2014,184380,-3050
09/26/2014,185200,-2230
09/28/2014,185200,-2230
09/29/2014,185355,-2075
09/30/2014,184975,-2455
10/01/2014,184625,-2805
10/02/2014,185600,-1830
10/03/2014,187120,-310
10/05/2014,187355,-75
10/06/2014,186305,-1125
10/07/2014,185730,-1700
10/08/2014,185270,-2160
10/09/2014,184975,-2455
10/10/2014,185110,-2320
10/12/2014,185110,-2320
10/13/2014,185110,-2320
10/14/2014,184525,-2905
10/15/2014,184330,-3100
10/16/2014,184330,-3100
10/17/2014,184330,-3100
10/19/2014,184330,-3100
10/20/2014,184330,-3100
10/21/2014,184315,-3115
10/22/2014,184345,-3085
10/23/2014,184285,-3145
10/24/2014,184210,-3220
10/26/2014,184455,-2975
10/27/2014,184675,-2755
10/28/2014,184630,-2800
10/29/2014,185345,-2085
10/30/2014,185365,-2065
10/31/2014,186080,-1350
11/02/2014,186355,-1075
11/03/2014,186405,-1025
11/04/2014,186545,-885
11/05/2014,185405,-2025
11/06/2014,184100,-3330
11/07/2014,182280,-5150
11/09/2014,182280,-5150
11/10/2014,183045,-4385
11/11/2014,182915,-4515
11/12/2014,183775,-3655
11/13/2014,182875,-4555
11/14/2014,181890,-5540
11/16/2014,181890,-5540
11/17/2014,182290,-5140
11/18/2014,182395,-5035
11/19/2014,182490,-4940
11/20/2014,182490,-4940
11/21/2014,182490,-4940
11/23/2014,182490,-4940
11/24/2014,182490,-4940
11/25/2014,182490,-4940
11/26/2014,181280,-6150
11/27/2014,181745,-5685
11/28/2014,182410,-5020
11/30/2014,182495,-4935
12/01/2014,179150,-8280
12/02/2014,180330,-7100
12/03/2014,179810,-7620
12/04/2014,179810,-7620
12/05/2014,179810,-7620
12/07/2014,180155,-7275
12/08/2014,180285,-7145
12/09/2014,178680,-8750
12/10/2014,178965,-8465
12/11/2014,178510,-8920
12/12/2014,178510,-8920
12/14/2014,177995,-9435
12/15/2014,178975,-8455
12/16/2014,178745,-8685
12/17/2014,179865,-7565
12/18/2014,179370,-8060
12/19/2014,179740,-7690
12/21/2014,179965,-7465
12/22/2014,181265,-6165
12/23/2014,181895,-5535
12/24/2014,182400,-5030
12/25/2014,183115,-4315
12/26/2014,182450,-4980
12/28/2014,182575,-4855
12/29/2014,183480,-3950
12/30/2014,183695,-3735
12/31/2014,183560,-3870
01/01/2015,183365,-4065
01/02/2015,183570,-3860
01/04/2015,183570,-3860
01/05/2015,183310,-4120
01/06/2015,182825,-4605
01/07/2015,182675,-4755
01/08/2015,182780,-4650
01/09/2015,182780,-4650
01/11/2015,182780,-4650
01/12/2015,182780,-4650
01/13/2015,182685,-4745
01/14/2015,182790,-4640
01/15/2015,182790,-4640
01/16/2015,182790,-4640
01/18/2015,182495,-4935
01/19/2015,182600,-4830
01/20/2015,183055,-4375
01/21/2015,183330,-4100
01/22/2015,183330,-4100
01/23/2015,183330,-4100
01/25/2015,183330,-4100
01/26/2015,183055,-4375
01/27/2015,182335,-5095
01/28/2015,182325,-5105
01/29/2015,183685,-3745
01/30/2015,183720,-3710
02/01/2015,183685,-3745
02/02/2015,184400,-3030
02/03/2015,185850,-1580
02/04/2015,186035,-1395
02/05/2015,185870,-1560
02/06/2015,185870,-1560
02/08/2015,185765,-1665
02/09/2015,186195,-1235
02/10/2015,187300,-130
02/11/2015,188725,0
02/12/2015,189235,0
02/13/2015,189420,0
02/15/2015,189420,0
02/16/2015,189555,0
02/17/2015,190800,0
02/18/2015,191305,0
02/19/2015,191805,0
02/20/2015,191750,-55
02/22/2015,191750,-55
02/23/2015,191675,-130
02/24/2015,192375,0
02/25/2015,193290,0
02/26/2015,193575,0
02/27/2015,193640,0
03/01/2015,193640,0
03/02/2015,194045,0
03/03/2015,194525,0
03/04/2015,195595,0
03/05/2015,195465,-130
03/06/2015,197560,0
03/08/2015,197605,0
03/09/2015,197415,-190
03/10/2015,197235,-370
03/11/2015,197815,0
03/12/2015,198920,0
03/13/2015,199390,0
03/15/2015,199655,0
03/16/2015,200700,0
03/17/2015,200455,-245
03/18/2015,200390,-310
03/19/2015,201050,0
03/20/2015,201050,0
03/22/2015,201035,-15
03/23/2015,201050,0
03/24/2015,201190,0
03/25/2015,201260,0
03/26/2015,201425,0
03/27/2015,201470,0
03/29/2015,201475,0
03/30/2015,201065,-410
03/31/2015,201165,-310
04/01/2015,200255,-1220
04/02/2015,200520,-955
04/05/2015,200520,-955
04/06/2015,200195,-1280
04/07/2015,200350,-1125
04/08/2015,200435,-1040
04/09/2015,200115,-1360
04/10/2015,198950,-2525
04/12/2015,198715,-2760
04/13/2015,199080,-2395
04/14/2015,198995,-2480
04/15/2015,199380,-2095
04/16/2015,199110,-2365
04/17/2015,199110,-2365
04/19/2015,199110,-2365
04/20/2015,199110,-2365
04/21/2015,198855,-2620
04/22/2015,199375,-2100
04/23/2015,199315,-2160
04/24/2015,200440,-1035
04/26/2015,200775,-700
04/27/2015,200545,-930
04/28/2015,200160,-1315
04/29/2015,200160,-1315
04/30/2015,200230,-1245
05/01/2015,200650,-825
05/03/2015,201165,-310
05/04/2015,200475,-1000
05/05/2015,199530,-1945
05/06/2015,199615,-1860
05/07/2015,199775,-1700
05/08/2015,199800,-1675
05/10/2015,199800,-1675
05/11/2015,199905,-1570
05/12/2015,198775,-2700
05/13/2015,196760,-4715
05/14/2015,196705,-4770
05/15/2015,196540,-4935
05/17/2015,196540,-4935
05/18/2015,196675,-4800
05/19/2015,196740,-4735
05/20/2015,196265,-5210
05/21/2015,197095,-4380
05/22/2015,197620,-3855
05/24/2015,197620,-3855
05/25/2015,197315,-4160
05/26/2015,198955,-2520
05/27/2015,199355,-2120
05/28/2015,200020,-1455
05/29/2015,199700,-1775
05/31/2015,199700,-1775
06/01/2015,198490,-2985
06/02/2015,197950,-3525
06/03/2015,197950,-3525
06/04/2015,198925,-2550
06/05/2015,200260,-1215
06/07/2015,200615,-860
06/08/2015,200795,-680
06/09/2015,201005,-470
06/10/2015,200760,-715
06/11/2015,200760,-715
06/12/2015,200760,-715
06/14/2015,200760,-715
06/15/2015,200760,-715
06/16/2015,201510,0
06/17/2015,201510,0
06/18/2015,199980,-1530
06/19/2015,199980,-1530
06/21/2015,200015,-1495
06/22/2015,199850,-1660
06/23/2015,199795,-1715
06/24/2015,200475,-1035
06/25/2015,200965,-545
06/26/2015,201140,-370
06/28/2015,201140,-370
06/29/2015,201980,0
06/30/2015,202650,0
07/01/2015,203175,0
07/02/2015,203465,0
07/03/2015,203360,-105
07/05/2015,202735,-730
07/06/2015,202760,-705
07/07/2015,203930,0
07/08/2015,202625,-1305
07/09/2015,203060,-870
07/10/2015,203350,-580
07/12/2015,203350,-580
07/13/2015,204070,0
07/14/2015,204065,-5
07/15/2015,203845,-225
07/16/2015,204095,0
07/17/2015,205120,0
07/19/2015,204075,-1045
07/20/2015,204505,-615
07/21/2015,203605,-1515
07/22/2015,204005,-1115
07/23/2015,203155,-1965
07/24/2015,203660,-1460
07/26/2015,203875,-1245
07/27/2015,204090,-1030
07/28/2015,204125,-995
07/29/2015,204300,-820
07/30/2015,203975,-1145
07/31/2015,202700,-2420
08/02/2015,202700,-2420
08/03/2015,202765,-2355
08/04/2015,202245,-2875
08/05/2015,202455,-2665
08/06/2015,202645,-2475
08/07/2015,202600,-2520
08/09/2015,202600,-2520
08/10/2015,203095,-2025
08/11/2015,203090,-2030
08/12/2015,203090,-2030
08/13/2015,203065,-2055
08/14/2015,203160,-1960
08/16/2015,203160,-1960
08/17/2015,203225,-1895
08/18/2015,203270,-1850
08/19/2015,202835,-2285
08/20/2015,204185,-935
08/21/2015,204350,-770
08/23/2015,204255,-865
08/24/2015,204030,-1090
08/25/2015,204030,-1090
08/26/2015,204555,-565
08/27/2015,206005,0
08/28/2015,205420,-585
08/30/2015,205635,-370
08/31/2015,206120,0
09/01/2015,205955,-165
09/02/2015,206015,-105
09/03/2015,205885,-235
09/04/2015,206510,0
09/06/2015,206595,0
09/07/2015,207135,0
09/08/2015,206890,-245
09/09/2015,208090,0
09/10/2015,207965,-125
09/11/2015,208980,0
09/13/2015,209265,0
09/14/2015,209265,0
09/15/2015,209465,0
09/16/2015,209510,0
09/17/2015,209705,0
09/18/2015,209860,0
09/20/2015,209860,0
09/21/2015,209860,0
09/22/2015,209860,0
09/23/2015,210385,0
09/24/2015,210055,-330
09/25/2015,210100,-285
09/27/2015,210100,-285
09/28/2015,210100,-285
09/29/2015,209905,-480
09/30/2015,211035,0
10/01/2015,210395,-640
10/02/2015,208470,-2565
10/04/2015,208470,-2565
10/05/2015,207880,-3155
10/06/2015,207880,-3155
10/07/2015,207845,-3190
10/08/2015,207760,-3275
10/09/2015,207760,-3275
10/11/2015,207760,-3275
10/12/2015,206915,-4120
10/13/2015,207030,-4005
10/14/2015,207045,-3990
10/15/2015,207190,-3845
10/16/2015,207190,-3845
10/18/2015,207045,-3990
10/19/2015,207015,-4020
10/20/2015,207130,-3905
10/21/2015,208020,-3015
10/22/2015,208095,-2940
10/23/2015,209100,-1935
10/25/2015,209100,-1935
10/26/2015,209145,-1890
10/27/2015,209375,-1660
10/28/2015,208490,-2545
10/29/2015,209385,-1650
10/30/2015,210000,-1035
11/01/2015,210005,-1030
11/02/2015,211055,0
11/03/2015,212915,0
11/04/2015,213585,0
11/05/2015,214255,0
11/06/2015,216300,0
11/08/2015,216595,0
11/09/2015,217215,0
11/10/2015,218185,0
11/11/2015,219065,0
11/12/2015,219055,-10
11/13/2015,219130,0
11/15/2015,219505,0
11/16/2015,221135,0
11/17/2015,220655,-480
11/18/2015,221905,0
11/19/2015,221795,-110
11/20/2015,222300,0
11/22/2015,221795,-505
11/23/2015,221670,-630
11/24/2015,221895,-405
11/25/2015,221990,-310
11/26/2015,221755,-545
11/27/2015,222910,0
11/29/2015,222735,-175
11/30/2015,222515,-395
12/01/2015,223400,0
12/02/2015,224785,0
12/03/2015,224445,-340
12/04/2015,223330,-1455
12/06/2015,223330,-1455
12/07/2015,223275,-1510
12/08/2015,223380,-1405
12/09/2015,223380,-1405
12/10/2015,222975,-1810
12/11/2015,223370,-1415
12/13/2015,223370,-1415
12/14/2015,224015,-770
12/15/2015,224505,-280
12/16/2015,222765,-2020
12/17/2015,224420,-365
12/18/2015,223800,-985
12/20/2015,224135,-650
12/21/2015,223165,-1620
12/22/2015,223495,-1290
12/23/2015,223540,-1245
12/24/2015,223540,-1245
12/27/2015,223345,-1440
12/28/2015,223340,-1445
12/29/2015,223955,-830
12/30/2015,225075,0
12/31/2015,225395,0
01/03/2016,225615,0
01/04/2016,225065,-550
01/05/2016,225645,0
01/06/2016,225830,0
01/07/2016,225745,-85
01/08/2016,225660,-170
01/10/2016,225660,-170
01/11/2016,226005,0
01/12/2016,225065,-940
01/13/2016,224915,-1090
01/14/2016,225135,-870
01/15/2016,224200,-1805
01/17/2016,224405,-1600
01/18/2016,224135,-1870
01/19/2016,224190,-1815
01/20/2016,224215,-1790
01/21/2016,224290,-1715
01/22/2016,224290,-1715
01/24/2016,224290,-1715
01/25/2016,224290,-1715
01/26/2016,224145,-1860
01/27/2016,224125,-1880
01/28/2016,224135,-1870
01/29/2016,224110,-1895
01/31/2016,224535,-1470
02/01/2016,224455,-1550
02/02/2016,224450,-1555
02/03/2016,224450,-1555
02/04/2016,224465,-1540
02/05/2016,224350,-1655
02/07/2016,224350,-1655
02/08/2016,224350,-1655
02/09/2016,224350,-1655
02/10/2016,224350,-1655
02/11/2016,223225,-2780
02/12/2016,223140,-2865
02/14/2016,221825,-4180
02/15/2016,220675,-5330
02/16/2016,222195,-3810
02/17/2016,222125,-3880
02/18/2016,222045,-3960
02/19/2016,221590,-4415
02/21/2016,221535,-4470
02/22/2016,221640,-4365
02/23/2016,221905,-4100
02/24/2016,221925,-4080
02/25/2016,222300,-3705
02/26/2016,222300,-3705
02/28/2016,222300,-3705
02/29/2016,222765,-3240
03/01/2016,222775,-3230
03/02/2016,222720,-3285
03/03/2016,223075,-2930
03/04/2016,223070,-2935
03/06/2016,223070,-2935
03/07/2016,222845,-3160
03/08/2016,222535,-3470
03/09/2016,222615,-3390
03/10/2016,220150,-5855
03/11/2016,220660,-5345
03/13/2016,220855,-5150
03/14/2016,221785,-4220
03/15/2016,221305,-4700
03/16/2016,221550,-4455
03/17/2016,220720,-5285
03/18/2016,220720,-5285
03/20/2016,220720,-5285
03/21/2016,220935,-5070
03/22/2016,220735,-5270
03/23/2016,219775,-6230
03/24/2016,219565,-6440
03/27/2016,219325,-6680
03/28/2016,219095,-6910
03/29/2016,218520,-7485
03/30/2016,219010,-6995
03/31/2016,219010,-6995
04/01/2016,219010,-6995
04/03/2016,218945,-7060
04/04/2016,220075,-5930
04/05/2016,219640,-6365
04/06/2016,220360,-5645
04/07/2016,218945,-7060
04/08/2016,218760,-7245
04/10/2016,218760,-7245
04/11/2016,218625,-7380
04/12/2016,218570,-7435
04/13/2016,218385,-7620
04/14/2016,218965,-7040
04/15/2016,219530,-6475
04/17/2016,219155,-6850
04/18/2016,219865,-6140
04/19/2016,217520,-8485
04/20/2016,217145,-8860
04/21/2016,217610,-8395
04/22/2016,217610,-8395
04/24/2016,217835,-8170
04/25/2016,217405,-8600
04/26/2016,217490,-8515
04/27/2016,217335,-8670
04/28/2016,217680,-8325
04/29/2016,217680,-8325
05/01/2016,217675,-8330
05/02/2016,217840,-8165
05/03/2016,217645,-8360
05/04/2016,217945,-8060
05/05/2016,218105,-7900
05/06/2016,216970,-9035
05/08/2016,216685,-9320
05/09/2016,218055,-7950
05/10/2016,218965,-7040
05/11/2016,218775,-7230
05/12/2016,218615,-7390
05/13/2016,220070,-5935
05/15/2016,220070,-5935
05/16/2016,219300,-6705
05/17/2016,219300,-6705
05/18/2016,219355,-6650
05/19/2016,219495,-6510
05/20/2016,219550,-6455
05/22/2016,219815,-6190
05/23/2016,219355,-6650
05/24/2016,220225,-5780
05/25/2016,221045,-4960
05/26/2016,221915,-4090
05/27/2016,222580,-3425
05/29/2016,221945,-4060
05/30/2016,221735,-4270
05/31/2016,221785,-4220
06/01/2016,221870,-4135
06/02/2016,222335,-3670
06/03/2016,222350,-3655
06/05/2016,222350,-3655
06/06/2016,222350,-3655
06/07/2016,222350,-3655
06/08/2016,222350,-3655
06/09/2016,222545,-3460
06/10/2016,222320,-3685
06/12/2016,222320,-3685
06/13/2016,222320,-3685
06/14/2016,222320,-3685
06/15/2016,222320,-3685
06/16/2016,222545,-3460
06/17/2016,222430,-3575
06/19/2016,221775,-4230
06/20/2016,221305,-4700
06/21/2016,221335,-4670
06/22/2016,220395,-5610
06/23/2016,229610,0
06/24/2016,230080,0
06/26/2016,230080,0
06/27/2016,229445,-635
06/28/2016,229410,-670
06/29/2016,229065,-1015
06/30/2016,229965,-115
07/01/2016,230230,0
07/03/2016,230575,0
07/04/2016,231115,0
07/05/2016,231000,-115
07/06/2016,231000,-115
07/07/2016,231000,-115
07/08/2016,231000,-115
07/10/2016,231000,-115
07/11/2016,231580,0
07/12/2016,232005,0
07/13/2016,231395,-610
07/14/2016,231800,-205
07/15/2016,232410,0
07/17/2016,232165,-245
07/18/2016,231665,-745
07/19/2016,231295,-1115
07/20/2016,232545,0
07/21/2016,231925,-620
07/22/2016,232320,-225
07/24/2016,232465,-80
07/25/2016,233085,0
07/26/2016,233435,0
07/27/2016,233440,0
07/28/2016,233440,0
07/29/2016,233440,0
07/31/2016,233440,0
08/01/2016,233555,0
08/02/2016,233790,0
08/03/2016,233645,-145
08/04/2016,233690,-100
08/05/2016,233690,-100
08/07/2016,234105,0
08/08/2016,234055,-50
08/09/2016,233070,-1035
08/10/2016,233185,-920
08/11/2016,233085,-1020
08/12/2016,233050,-1055
08/14/2016,233050,-1055
08/15/2016,233685,-420
08/16/2016,233645,-460
08/17/2016,233580,-525
08/18/2016,233375,-730
08/19/2016,233420,-685
08/21/2016,233055,-1050
08/22/2016,232715,-1390
08/23/2016,232530,-1575
08/24/2016,233565,-540
08/25/2016,234165,0
08/26/2016,233580,-585
08/28/2016,233625,-540
08/29/2016,233545,-620
08/30/2016,234225,0
08/31/2016,234675,0
09/01/2016,234665,-10
09/02/2016,233400,-1275
09/04/2016,233400,-1275
09/05/2016,233290,-1385
09/06/2016,233290,-1385
09/07/2016,233445,-1230
09/08/2016,233550,-1125
09/09/2016,233550,-1125
09/11/2016,233515,-1160
09/12/2016,234045,-630
09/13/2016,234335,-340
09/14/2016,234435,-240
09/15/2016,235360,0
09/16/2016,235970,0
09/18/2016,236225,0
09/19/2016,236715,0
09/20/2016,237005,0
09/21/2016,235910,-1095
09/22/2016,235160,-1845
09/23/2016,235160,-1845
09/25/2016,235160,-1845
09/26/2016,235170,-1835
09/27/2016,235005,-2000
09/28/2016,235395,-1610
09/29/2016,235675,-1330
09/30/2016,235960,-1045
10/02/2016,235960,-1045
10/03/2016,235775,-1230
10/04/2016,239075,0
10/05/2016,238845,-230
10/06/2016,239875,0
10/07/2016,238780,-1095
10/09/2016,239175,-700
10/10/2016,239475,-400
10/11/2016,240185,0
10/12/2016,240265,0
10/13/2016,240225,-40
10/14/2016,240190,-75
10/16/2016,240190,-75
10/17/2016,240575,0
10/18/2016,240550,-25
10/19/2016,240620,0
10/20/2016,240315,-305
10/21/2016,240510,-110
10/23/2016,240510,-110
10/24/2016,240510,-110
10/25/2016,240445,-175
10/26/2016,240270,-350
10/27/2016,240645,0
10/28/2016,240380,-265
10/30/2016,240380,-265
10/31/2016,240680,0
11/01/2016,241025,0
11/02/2016,241875,0
11/03/2016,241730,-145
11/04/2016,241730,-145
11/06/2016,241815,-60
11/07/2016,241895,0
11/08/2016,247855,0
11/09/2016,250830,0
11/10/2016,253405,0
11/11/2016,256240,0
11/13/2016,254825,-1415
11/14/2016,256365,0
11/15/2016,256660,0
11/16/2016,256860,0
11/17/2016,257195,0
11/18/2016,256850,-345
11/20/2016,257285,0
11/21/2016,258075,0
11/22/2016,258140,0
11/23/2016,260555,0
11/24/2016,259445,-1110
11/25/2016,259440,-1115
11/27/2016,259440,-1115
11/28/2016,259735,-820
11/29/2016,260310,-245
11/30/2016,261865,0
12/01/2016,264105,0
12/02/2016,263900,-205
12/04/2016,264215,0
12/05/2016,265070,0
12/06/2016,264755,-315
12/07/2016,263530,-1540
12/08/2016,263475,-1595
12/09/2016,263680,-1390
12/11/2016,263525,-1545
12/12/2016,263365,-1705
12/13/2016,263765,-1305
12/14/2016,263735,-1335
12/15/2016,265105,0
12/16/2016,265640,0
12/18/2016,265975,0
12/19/2016,266155,0
12/20/2016,267105,0
12/21/2016,267115,0
12/22/2016,267435,0
12/23/2016,267400,-35
12/26/2016,267745,0
12/27/2016,268090,0
12/28/2016,268090,0
12/29/2016,268375,0
12/30/2016,268430,0
01/02/2017,269105,0
01/03/2017,269130,0
01/04/2017,269130,0
01/05/2017,268735,-395
01/06/2017,268420,-710
01/08/2017,268420,-710
01/09/2017,268635,-495
01/10/2017,268700,-430
01/11/2017,268700,-430
01/12/2017,268485,-645
01/13/2017,268620,-510
01/15/2017,268620,-510
01/16/2017,268620,-510
01/17/2017,268545,-585
01/18/2017,268125,-1005
01/19/2017,268000,-1130
01/20/2017,268710,-420
01/22/2017,268710,-420